epoch,time,train/box_loss,train/cls_loss,train/dfl_loss,metrics/precision(B),metrics/recall(B),metrics/mAP50(B),metrics/mAP50-95(B),val/box_loss,val/cls_loss,val/dfl_loss,lr/pg0,lr/pg1,lr/pg2
1,13.1938,1.05369,2.246,1.29096,0.92296,0.99838,0.98637,0.80108,0.85504,1.91514,1.23723,0.0003334,0.0003334,0.0003334
2,27.8675,1.00006,1.3274,1.26351,0.00067,0.10417,0.00037,0.0001,3.31042,inf,10.6088,0.000682117,0.000682117,0.000682117
3,35.5809,1.10199,1.16918,1.3451,0,0,0,0,3.5395,inf,9.9129,0.00102945,0.00102945,0.00102945
4,42.9139,1.09278,1.04197,1.33161,0.08197,0.10417,0.06033,0.02162,2.74191,19.9024,5.11437,0.00137539,0.00137539,0.00137539
5,50.2483,1.13315,1.09437,1.34997,0.85714,0.25,0.56009,0.30139,1.75287,10.6916,2.1452,0.0016538,0.0016538,0.0016538
6,57.6102,1.12705,1.02466,1.31553,0.72924,0.89779,0.89269,0.54433,1.08231,6.41811,2.04076,0.0016505,0.0016505,0.0016505
7,65.0372,1.14935,1.01202,1.35559,0.57565,0.6875,0.57438,0.36401,1.33055,3.37346,1.95697,0.0016472,0.0016472,0.0016472
8,72.787,1.12862,1.01426,1.33818,0.79287,0.95698,0.91259,0.53875,1.22669,2.19666,1.54344,0.0016439,0.0016439,0.0016439
9,80.2285,1.05241,0.95374,1.2752,0.12762,0.66667,0.12986,0.0836,1.14306,7.6289,1.54016,0.00164059,0.00164059,0.00164059
10,87.6521,1.01706,0.9043,1.28729,0.0031,0.4375,0.00214,0.0012,1.58956,inf,1.93087,0.00163729,0.00163729,0.00163729
11,95.8698,0.95901,0.88489,1.24696,0,0,0,0,2.80844,inf,2.72109,0.00163399,0.00163399,0.00163399
12,104.469,0.99973,0.84817,1.27849,0.00931,0.60417,0.007,0.00398,1.65382,55.1885,1.89007,0.00163069,0.00163069,0.00163069
13,113.061,0.93254,0.77312,1.22047,0.84753,0.97917,0.89335,0.64096,0.99339,0.93782,1.24034,0.00162739,0.00162739,0.00162739
14,120.939,0.95452,0.8197,1.21511,0.9265,1,0.96389,0.72709,0.90762,0.77358,1.1558,0.00162409,0.00162409,0.00162409
15,128.688,0.92381,0.80558,1.2047,0.93932,1,0.99045,0.79397,0.84549,0.74928,1.16622,0.00162079,0.00162079,0.00162079
16,136.839,0.923,0.77875,1.2236,0.92291,0.9977,0.97814,0.70383,1.03703,0.70882,1.33679,0.00161749,0.00161749,0.00161749
17,144.726,0.92189,0.79282,1.22256,0.88733,1,0.92523,0.66059,0.96028,1.16424,1.27032,0.00161419,0.00161419,0.00161419
18,152.549,0.90616,0.77396,1.20008,0.94117,0.99986,0.95853,0.75546,0.81526,3.68569,1.18266,0.00161089,0.00161089,0.00161089
19,160.328,0.87645,0.72883,1.18466,0.93423,1,0.94476,0.76365,0.81493,0.59703,1.07018,0.00160759,0.00160759,0.00160759
20,168.602,0.86315,0.73747,1.17165,0.93246,1,0.98257,0.78655,0.77956,0.70153,1.11262,0.00160429,0.00160429,0.00160429
21,176.408,0.91136,0.76261,1.22153,0.93965,1,0.98096,0.78911,0.76666,0.53545,1.109,0.00160099,0.00160099,0.00160099
22,184.173,0.82894,0.71359,1.15509,0.93112,0.9375,0.97461,0.79438,0.75405,0.59187,1.07339,0.00159769,0.00159769,0.00159769
23,191.966,0.84495,0.71021,1.16295,0.92638,1,0.95368,0.79475,0.68322,0.59337,0.9998,0.00159439,0.00159439,0.00159439
24,199.851,0.86344,0.70165,1.16457,0.92955,1,0.94735,0.78198,0.74955,0.54529,1.05836,0.00159108,0.00159108,0.00159108
25,207.878,0.84519,0.68489,1.16713,0.8861,1,0.96917,0.74962,0.80487,0.53739,1.12551,0.00158778,0.00158778,0.00158778
26,215.929,0.86776,0.7005,1.17529,0.93654,1,0.94674,0.75795,0.80136,0.52207,1.05005,0.00158448,0.00158448,0.00158448
27,224.014,0.84522,0.66173,1.18089,0.93816,1,0.94888,0.77671,0.67024,0.52231,0.98894,0.00158118,0.00158118,0.00158118
28,232.177,0.82824,0.67734,1.15292,0.91033,0.97917,0.95595,0.79586,0.74845,0.6136,1.07944,0.00157788,0.00157788,0.00157788
29,240.044,0.81003,0.62067,1.15599,0.89738,1,0.95447,0.74304,0.7841,0.61781,1.14804,0.00157458,0.00157458,0.00157458
30,247.873,0.7939,0.64683,1.14494,0.94028,1,0.99212,0.82006,0.71173,0.46155,1.04986,0.00157128,0.00157128,0.00157128
31,255.657,0.81652,0.65261,1.17855,0.93987,1,0.97647,0.79452,0.75652,0.50087,1.06932,0.00156798,0.00156798,0.00156798
32,263.546,0.7998,0.61644,1.15469,0.939,1,0.9843,0.83034,0.71426,0.50843,1.05775,0.00156468,0.00156468,0.00156468
33,271.348,0.80897,0.63817,1.13568,0.92844,1,0.94265,0.71337,0.73261,0.5729,1.11154,0.00156138,0.00156138,0.00156138
34,279.113,0.8145,0.63877,1.16143,0.91889,1,0.95952,0.76285,0.77641,0.49302,1.1426,0.00155808,0.00155808,0.00155808
35,286.953,0.75802,0.60359,1.1176,0.92419,1,0.95785,0.77761,0.73161,0.4855,1.11904,0.00155478,0.00155478,0.00155478
36,294.971,0.76942,0.59118,1.11778,0.93817,1,0.95405,0.79556,0.72252,0.4863,1.06575,0.00155148,0.00155148,0.00155148
37,302.958,0.78766,0.60325,1.15936,0.93163,1,0.99094,0.80492,0.71619,0.46434,1.02206,0.00154818,0.00154818,0.00154818
38,310.846,0.7722,0.60309,1.12232,0.93981,1,0.95088,0.78007,0.7244,0.4651,1.05119,0.00154488,0.00154488,0.00154488
39,318.801,0.74502,0.59643,1.11721,0.94838,1,0.9678,0.83024,0.69683,0.44774,1.06005,0.00154157,0.00154157,0.00154157
40,327.059,0.75352,0.57883,1.11432,0.95618,1,0.98704,0.84849,0.62142,0.42551,0.99606,0.00153827,0.00153827,0.00153827
41,334.917,0.75892,0.55814,1.12579,0.94055,1,0.98717,0.84187,0.61819,0.44451,0.99042,0.00153497,0.00153497,0.00153497
42,342.581,0.73481,0.54356,1.11538,0.9795,0.99574,0.99255,0.79985,0.77866,0.57155,1.09281,0.00153167,0.00153167,0.00153167
43,350.389,0.77181,0.59262,1.12651,0.93791,1,0.98093,0.82043,0.66855,0.45014,0.98191,0.00152837,0.00152837,0.00152837
44,358.791,0.7441,0.56987,1.11853,0.91812,1,0.97434,0.79404,0.74719,0.50202,1.12174,0.00152507,0.00152507,0.00152507
45,367.077,0.74949,0.56017,1.1154,0.90909,1,0.98279,0.81857,0.72405,0.48956,1.08919,0.00152177,0.00152177,0.00152177
46,375.234,0.73046,0.54554,1.11942,0.92381,1,0.97461,0.82029,0.70811,0.49521,1.1278,0.00151847,0.00151847,0.00151847
47,383.297,0.75642,0.5726,1.12728,0.9356,1,0.95654,0.80605,0.68425,0.42387,1.06131,0.00151517,0.00151517,0.00151517
48,391.225,0.73022,0.57735,1.11779,0.93595,1,0.98589,0.82117,0.73596,0.4581,1.09463,0.00151187,0.00151187,0.00151187
49,399.095,0.75933,0.55097,1.11055,0.93776,1,0.96029,0.81638,0.62862,0.43075,1.02736,0.00150857,0.00150857,0.00150857
50,407.028,0.73159,0.58484,1.12275,0.95643,1,0.98845,0.84591,0.61425,0.39325,1.01561,0.00150527,0.00150527,0.00150527
51,415.653,0.68471,0.53973,1.08321,0.92428,1,0.97736,0.81077,0.66997,0.44812,1.00573,0.00150197,0.00150197,0.00150197
52,427.806,0.71977,0.56937,1.10848,0.93962,1,0.98678,0.85149,0.64576,0.44467,0.96041,0.00149867,0.00149867,0.00149867
53,442.292,0.7281,0.57386,1.09142,0.93909,1,0.9677,0.8248,0.64573,0.44587,1.00977,0.00149537,0.00149537,0.00149537
54,456.053,0.7124,0.56762,1.10362,0.94912,1,0.97891,0.82753,0.66702,0.42877,1.04322,0.00149207,0.00149207,0.00149207
55,470.235,0.75177,0.55107,1.10858,0.95278,1,0.9834,0.80449,0.77988,0.50933,1.10123,0.00148876,0.00148876,0.00148876
56,484.605,0.71992,0.54808,1.09157,0.94391,1,0.9586,0.82947,0.61142,0.40331,0.95327,0.00148546,0.00148546,0.00148546
57,498.598,0.71459,0.52912,1.09742,0.9416,1,0.9913,0.83446,0.71269,0.41366,1.00992,0.00148216,0.00148216,0.00148216
58,512.184,0.69591,0.51302,1.07162,0.93987,1,0.98116,0.84792,0.61825,0.39508,0.98773,0.00147886,0.00147886,0.00147886
59,526.656,0.68579,0.50584,1.06591,0.93941,1,0.97164,0.84542,0.60451,0.39824,1.01265,0.00147556,0.00147556,0.00147556
60,541.151,0.7264,0.53021,1.11259,0.9399,1,0.97648,0.84325,0.63975,0.41402,0.98697,0.00147226,0.00147226,0.00147226
61,555.04,0.72066,0.54469,1.10439,0.94108,1,0.99133,0.8384,0.6452,0.40937,0.99673,0.00146896,0.00146896,0.00146896
62,569.437,0.7442,0.5473,1.09815,0.93732,1,0.98211,0.81037,0.72362,0.45012,1.00517,0.00146566,0.00146566,0.00146566
63,582.92,0.67594,0.52076,1.0714,0.93671,0.97917,0.9804,0.84668,0.60694,0.41091,0.95966,0.00146236,0.00146236,0.00146236
64,595.91,0.66943,0.50804,1.06513,0.93624,1,0.96741,0.82589,0.62374,0.40873,1.00195,0.00145906,0.00145906,0.00145906
65,609.499,0.69025,0.51755,1.08179,0.95682,1,0.99418,0.86248,0.60351,0.35983,0.98271,0.00145576,0.00145576,0.00145576
66,622.284,0.68397,0.4791,1.0754,0.90378,1,0.96297,0.83888,0.5982,0.41608,0.99394,0.00145246,0.00145246,0.00145246
67,635.16,0.69148,0.50211,1.08399,0.93968,1,0.9856,0.86526,0.60397,0.39229,0.98372,0.00144916,0.00144916,0.00144916
68,647.85,0.66107,0.48837,1.08822,0.95991,0.99771,0.99009,0.84223,0.66011,0.39684,0.97893,0.00144586,0.00144586,0.00144586
69,660.164,0.6764,0.50173,1.07915,0.95069,1,0.9634,0.83801,0.60056,0.40265,0.99906,0.00144256,0.00144256,0.00144256
70,672.772,0.69678,0.50708,1.08578,0.91955,1,0.97577,0.81894,0.67745,0.40978,1.06135,0.00143925,0.00143925,0.00143925
71,686.011,0.67554,0.49468,1.08409,0.93076,1,0.97712,0.80933,0.6787,0.40032,1.04102,0.00143595,0.00143595,0.00143595
72,700.486,0.68111,0.48876,1.08133,0.93701,1,0.98477,0.85353,0.61128,0.39195,1.00024,0.00143265,0.00143265,0.00143265
73,714.373,0.65628,0.47107,1.06752,0.92294,1,0.95981,0.83061,0.5844,0.40505,1.04998,0.00142935,0.00142935,0.00142935
74,728.076,0.65508,0.48397,1.07186,0.91992,1,0.97616,0.84507,0.62266,0.40858,1.02643,0.00142605,0.00142605,0.00142605
75,741.033,0.66367,0.46878,1.07089,0.93348,1,0.96324,0.82652,0.63902,0.39271,1.02987,0.00142275,0.00142275,0.00142275
76,757.701,0.67686,0.47716,1.07127,0.93825,1,0.95279,0.80228,0.68678,0.4216,1.10498,0.00141945,0.00141945,0.00141945
77,770.829,0.66462,0.49786,1.07054,0.93964,1,0.98507,0.8637,0.62839,0.40444,1.0136,0.00141615,0.00141615,0.00141615
78,783.136,0.67893,0.48529,1.08382,0.93924,1,0.97797,0.83173,0.65456,0.38591,1.06111,0.00141285,0.00141285,0.00141285
79,797.841,0.66731,0.4809,1.08908,0.9388,1,0.95507,0.8218,0.61014,0.3859,1.0057,0.00140955,0.00140955,0.00140955
80,814.183,0.69973,0.51486,1.10254,0.9382,1,0.99091,0.85472,0.64883,0.38083,0.98269,0.00140625,0.00140625,0.00140625
81,829.452,0.66528,0.50248,1.05966,0.93167,1,0.96017,0.82259,0.63453,0.41751,0.9871,0.00140295,0.00140295,0.00140295
82,843.934,0.64559,0.47358,1.05837,0.9568,1,0.98802,0.84195,0.6567,0.36889,0.98662,0.00139965,0.00139965,0.00139965
83,855.082,0.6352,0.45835,1.05418,0.94036,1,0.9813,0.84743,0.63071,0.38969,0.96469,0.00139635,0.00139635,0.00139635
84,869.01,0.64177,0.46772,1.06056,0.94775,1,0.97673,0.84012,0.60038,0.36733,0.9651,0.00139305,0.00139305,0.00139305
85,882.973,0.65085,0.47681,1.06283,0.93892,1,0.96595,0.83894,0.58802,0.37649,0.96436,0.00138974,0.00138974,0.00138974
86,898.133,0.66654,0.48285,1.07791,0.93968,1,0.98068,0.85554,0.58909,0.371,0.97598,0.00138644,0.00138644,0.00138644
87,912.729,0.64965,0.47899,1.06856,0.94005,1,0.9788,0.84416,0.60346,0.39062,0.97376,0.00138314,0.00138314,0.00138314
88,927.333,0.64995,0.48828,1.06741,0.9497,1,0.98456,0.83295,0.65707,0.3561,1.00024,0.00137984,0.00137984,0.00137984
89,941.434,0.66771,0.49011,1.07536,0.95844,1,0.9863,0.84027,0.5954,0.36223,0.9659,0.00137654,0.00137654,0.00137654
90,956.121,0.64045,0.48149,1.05563,0.94085,1,0.9634,0.81978,0.63157,0.39699,1.02412,0.00137324,0.00137324,0.00137324
91,969.421,0.64945,0.47202,1.05723,0.9517,1,0.99295,0.85946,0.66205,0.3822,1.0202,0.00136994,0.00136994,0.00136994
92,981.984,0.63381,0.46408,1.06576,0.93987,1,0.98924,0.85926,0.61015,0.35332,0.92892,0.00136664,0.00136664,0.00136664
93,996.223,0.68666,0.47621,1.07068,0.9459,1,0.98455,0.86647,0.59306,0.34934,0.95496,0.00136334,0.00136334,0.00136334
94,1010.38,0.64388,0.46286,1.07107,0.94662,1,0.98446,0.86314,0.57451,0.39426,0.92602,0.00136004,0.00136004,0.00136004
95,1025.8,0.6448,0.47619,1.07212,0.95759,1,0.97087,0.86722,0.58535,0.34586,0.9554,0.00135674,0.00135674,0.00135674
96,1042.3,0.65955,0.46987,1.07724,0.93993,1,0.95239,0.83445,0.6028,0.38591,1.03297,0.00135344,0.00135344,0.00135344
97,1056.25,0.63233,0.45598,1.04271,0.93918,1,0.96679,0.84646,0.56616,0.36908,0.96248,0.00135014,0.00135014,0.00135014
98,1069.36,0.64659,0.45273,1.05617,0.93935,1,0.96776,0.85224,0.56297,0.36332,0.95417,0.00134684,0.00134684,0.00134684
99,1084.25,0.64716,0.45392,1.05318,0.93922,1,0.97695,0.83713,0.61567,0.36572,0.99905,0.00134354,0.00134354,0.00134354
100,1100.51,0.67518,0.46859,1.09066,0.93693,1,0.98383,0.86491,0.62129,0.38162,0.989,0.00134023,0.00134023,0.00134023
101,1114.04,0.6358,0.45384,1.06588,0.95851,1,0.97043,0.85066,0.56844,0.36715,0.96769,0.00133693,0.00133693,0.00133693
102,1126.73,0.64212,0.45794,1.06818,0.95499,1,0.9918,0.8665,0.58988,0.38056,0.98083,0.00133363,0.00133363,0.00133363
103,1143.03,0.62276,0.45083,1.04264,0.94043,1,0.98873,0.87689,0.57024,0.35321,0.95078,0.00133033,0.00133033,0.00133033
104,1158.14,0.62778,0.46168,1.04099,0.95242,1,0.9918,0.86981,0.59925,0.35698,0.96432,0.00132703,0.00132703,0.00132703
105,1171.73,0.61262,0.45006,1.04638,0.93962,1,0.96239,0.82727,0.61283,0.37028,0.99815,0.00132373,0.00132373,0.00132373
106,1182.26,0.62514,0.44157,1.04497,0.939,1,0.98659,0.86631,0.5819,0.3685,0.99092,0.00132043,0.00132043,0.00132043
107,1195.52,0.6353,0.45368,1.05045,0.95486,1,0.98845,0.86186,0.58452,0.36116,0.93665,0.00131713,0.00131713,0.00131713
108,1210.7,0.61825,0.45073,1.05834,0.95701,1,0.98392,0.85178,0.61083,0.35053,0.94279,0.00131383,0.00131383,0.00131383
109,1224.77,0.61766,0.43921,1.04433,0.94988,1,0.97662,0.84481,0.59372,0.34679,0.95784,0.00131053,0.00131053,0.00131053
110,1238.04,0.6289,0.45023,1.0506,0.94658,1,0.97554,0.84752,0.60966,0.36546,0.96162,0.00130723,0.00130723,0.00130723
111,1251.37,0.62541,0.44779,1.05736,0.95832,1,0.99295,0.87247,0.57674,0.36607,0.9367,0.00130393,0.00130393,0.00130393
112,1259.6,0.61715,0.42831,1.0424,0.95767,1,0.965,0.84305,0.5996,0.36943,0.97149,0.00130063,0.00130063,0.00130063
113,1267.64,0.61156,0.44183,1.04027,0.9403,1,0.98158,0.85857,0.56653,0.36059,0.97598,0.00129733,0.00129733,0.00129733
114,1276.07,0.62027,0.41343,1.05373,0.953,1,0.9662,0.85455,0.57136,0.37057,0.99179,0.00129403,0.00129403,0.00129403
115,1284.74,0.58813,0.42222,1.02016,0.95859,1,0.99,0.87395,0.59873,0.34822,0.96529,0.00129072,0.00129072,0.00129072
116,1292.71,0.61336,0.42896,1.03306,0.95765,1,0.96566,0.83934,0.62065,0.36567,1.01277,0.00128742,0.00128742,0.00128742
117,1300.56,0.62245,0.43384,1.04353,0.95711,1,0.98624,0.85895,0.60843,0.36806,0.98498,0.00128412,0.00128412,0.00128412
118,1308.37,0.62008,0.43861,1.05147,0.93928,1,0.95283,0.82102,0.60642,0.38664,1.01553,0.00128082,0.00128082,0.00128082
119,1316.34,0.61161,0.43059,1.04365,0.956,1,0.99418,0.86791,0.58909,0.3492,0.96753,0.00127752,0.00127752,0.00127752
120,1324.19,0.60189,0.42255,1.04877,0.95701,1,0.98586,0.86005,0.59572,0.33284,1.02441,0.00127422,0.00127422,0.00127422
121,1332.24,0.61462,0.42927,1.03298,0.97542,1,0.99337,0.85105,0.62684,0.33525,1.03272,0.00127092,0.00127092,0.00127092
122,1340.1,0.58791,0.44523,1.04845,0.9573,1,0.98668,0.85832,0.57335,0.32603,0.98735,0.00126762,0.00126762,0.00126762
123,1348.31,0.59937,0.42754,1.03883,0.93917,1,0.96339,0.82813,0.57354,0.36585,0.97614,0.00126432,0.00126432,0.00126432
124,1356.44,0.65469,0.47539,1.08086,0.93959,1,0.97381,0.82759,0.61518,0.36587,0.99767,0.00126102,0.00126102,0.00126102
125,1364.29,0.61808,0.45077,1.05835,0.95799,1,0.9662,0.83088,0.62514,0.38006,1.00844,0.00125772,0.00125772,0.00125772
126,1371.98,0.62721,0.43062,1.06127,0.95287,1,0.9894,0.87114,0.57862,0.34525,0.98795,0.00125442,0.00125442,0.00125442
127,1379.87,0.6165,0.42479,1.03906,0.95742,1,0.99055,0.86175,0.59425,0.36732,0.96387,0.00125112,0.00125112,0.00125112
128,1387.76,0.59705,0.4134,1.04479,0.95844,1,0.96966,0.84375,0.60669,0.3442,1.01918,0.00124782,0.00124782,0.00124782
129,1395.6,0.58792,0.41335,1.02646,0.95864,1,0.99136,0.85845,0.63248,0.36477,0.99513,0.00124452,0.00124452,0.00124452
130,1403.56,0.64193,0.42358,1.05755,0.9581,1,0.98364,0.86675,0.59797,0.35889,0.96903,0.00124121,0.00124121,0.00124121
131,1411.48,0.60275,0.41704,1.04379,0.9581,1,0.99173,0.86824,0.59204,0.34988,0.98424,0.00123791,0.00123791,0.00123791
132,1419.76,0.59969,0.40621,1.0329,0.95858,1,0.99047,0.87833,0.5891,0.33279,0.9762,0.00123461,0.00123461,0.00123461
133,1427.69,0.579,0.40274,1.0204,0.9572,1,0.98999,0.84481,0.66936,0.36124,1.07142,0.00123131,0.00123131,0.00123131
134,1435.48,0.5926,0.40766,1.01788,0.95644,1,0.9918,0.86944,0.6186,0.35107,0.9841,0.00122801,0.00122801,0.00122801
135,1443.96,0.57113,0.40906,1.02678,0.95874,1,0.99091,0.85824,0.61724,0.35178,0.96769,0.00122471,0.00122471,0.00122471
136,1452.46,0.5745,0.41208,1.01115,0.95866,1,0.9918,0.87235,0.58832,0.33215,0.94328,0.00122141,0.00122141,0.00122141
137,1460.24,0.59094,0.42134,1.0292,0.95851,1,0.9918,0.88108,0.56996,0.34711,0.9303,0.00121811,0.00121811,0.00121811
138,1468.15,0.59054,0.40662,1.03064,0.9576,1,0.98892,0.88008,0.54095,0.35027,0.94247,0.00121481,0.00121481,0.00121481
139,1476.02,0.59334,0.41079,1.02408,0.95864,1,0.99136,0.87828,0.57951,0.35761,0.9851,0.00121151,0.00121151,0.00121151
140,1484.28,0.6007,0.41621,1.03404,0.95867,1,0.9868,0.87971,0.55969,0.3373,0.9575,0.00120821,0.00120821,0.00120821
141,1492.06,0.5938,0.41354,1.04207,0.95727,1,0.98714,0.87547,0.56915,0.33906,0.96627,0.00120491,0.00120491,0.00120491
142,1499.9,0.58119,0.4023,1.02914,0.9588,1,0.98446,0.85716,0.62715,0.35467,0.95661,0.00120161,0.00120161,0.00120161
143,1508.04,0.58704,0.39392,1.03368,0.95832,1,0.987,0.84328,0.64609,0.33619,0.98342,0.00119831,0.00119831,0.00119831
144,1515.92,0.57254,0.38737,1.04127,0.95858,1,0.98605,0.86998,0.58774,0.31615,0.97681,0.00119501,0.00119501,0.00119501
145,1524.15,0.60891,0.43534,1.04597,0.95853,1,0.9694,0.84729,0.60102,0.32584,0.98783,0.0011917,0.0011917,0.0011917
146,1532.02,0.58102,0.40557,1.01735,0.95877,1,0.98834,0.86576,0.59861,0.32353,0.99021,0.0011884,0.0011884,0.0011884
147,1539.81,0.60736,0.42489,1.03852,0.9587,1,0.98678,0.85637,0.59168,0.31956,0.98395,0.0011851,0.0011851,0.0011851
148,1547.98,0.57752,0.40095,1.0266,0.95862,1,0.98668,0.87391,0.56629,0.31091,0.94518,0.0011818,0.0011818,0.0011818
149,1555.99,0.57143,0.40007,1.01927,0.95879,1,0.99173,0.87435,0.5762,0.30634,0.94258,0.0011785,0.0011785,0.0011785
150,1563.82,0.56934,0.39854,1.03184,0.95871,1,0.99047,0.87844,0.57494,0.2991,0.9369,0.0011752,0.0011752,0.0011752
151,1571.75,0.58205,0.40831,1.02819,0.95807,1,0.98847,0.8619,0.60446,0.31858,0.93929,0.0011719,0.0011719,0.0011719
152,1579.91,0.58354,0.4065,1.03274,0.95872,1,0.97998,0.85645,0.58063,0.32812,0.95119,0.0011686,0.0011686,0.0011686
153,1587.76,0.58074,0.40085,1.01221,0.95856,1,0.9642,0.83741,0.55698,0.32365,0.93086,0.0011653,0.0011653,0.0011653
154,1595.63,0.57046,0.39015,1.0256,0.95859,1,0.99047,0.86543,0.58184,0.31792,0.94731,0.001162,0.001162,0.001162
155,1603.52,0.56233,0.39219,1.02934,0.95835,1,0.97511,0.8511,0.58993,0.3098,0.97417,0.0011587,0.0011587,0.0011587
156,1611.69,0.57245,0.38607,1.02004,0.95793,1,0.9767,0.85191,0.58548,0.31223,0.98422,0.0011554,0.0011554,0.0011554
157,1619.62,0.56181,0.40304,1.00521,0.95849,1,0.9702,0.84645,0.59555,0.33486,0.93955,0.0011521,0.0011521,0.0011521
158,1627.46,0.55556,0.39395,1.01376,0.95882,1,0.9918,0.86347,0.59395,0.32381,0.97474,0.0011488,0.0011488,0.0011488
159,1635.48,0.57344,0.40387,1.01445,0.9587,1,0.97662,0.85875,0.55001,0.31893,0.94131,0.0011455,0.0011455,0.0011455
160,1643.67,0.55247,0.37471,1.01149,0.95886,1,0.98714,0.88294,0.53614,0.31449,0.92621,0.0011422,0.0011422,0.0011422
161,1651.55,0.55907,0.37605,1.01751,0.95808,1,0.98572,0.88116,0.52099,0.30298,0.93195,0.00113889,0.00113889,0.00113889
162,1659.33,0.56751,0.37928,1.01545,0.95865,1,0.97293,0.85666,0.57102,0.32819,0.98571,0.00113559,0.00113559,0.00113559
163,1667.29,0.55248,0.36913,1.01531,0.95808,1,0.98488,0.87241,0.54906,0.3328,0.94604,0.00113229,0.00113229,0.00113229
164,1675.25,0.54869,0.36429,1.02956,0.95818,1,0.9826,0.88127,0.55519,0.3168,0.97269,0.00112899,0.00112899,0.00112899
165,1683.41,0.57287,0.37866,1.01955,0.95778,1,0.99055,0.87834,0.57942,0.31901,0.97559,0.00112569,0.00112569,0.00112569
166,1691.31,0.56922,0.38881,1.01589,0.95671,1,0.98283,0.83645,0.63978,0.33227,1.00289,0.00112239,0.00112239,0.00112239
167,1699.16,0.56151,0.37141,1.02792,0.95787,1,0.98592,0.86545,0.58001,0.31501,1.00067,0.00111909,0.00111909,0.00111909
168,1707.05,0.56288,0.39177,1.02286,0.95839,1,0.98535,0.87657,0.53932,0.2975,0.97146,0.00111579,0.00111579,0.00111579
169,1714.96,0.55789,0.36872,1.0073,0.9576,1,0.9888,0.86616,0.57665,0.31218,0.97608,0.00111249,0.00111249,0.00111249
170,1723.19,0.57042,0.37547,1.02128,0.95719,1,0.99297,0.88912,0.55998,0.31447,0.97427,0.00110919,0.00110919,0.00110919
171,1731.32,0.56589,0.37711,1.0035,0.9582,1,0.9686,0.84983,0.56758,0.31696,0.97109,0.00110589,0.00110589,0.00110589
172,1739.17,0.53379,0.37068,0.99652,0.95884,1,0.9942,0.87761,0.59392,0.31112,0.96507,0.00110259,0.00110259,0.00110259
173,1747.23,0.54198,0.37202,1.01006,0.95873,1,0.98873,0.86164,0.58931,0.31406,1.01171,0.00109929,0.00109929,0.00109929
174,1755.21,0.5705,0.37169,1.02081,0.95831,1,0.99136,0.87478,0.57704,0.31814,0.99248,0.00109599,0.00109599,0.00109599
175,1763.08,0.54537,0.36341,1.015,0.95883,1,0.9918,0.87853,0.53886,0.31029,0.96016,0.00109269,0.00109269,0.00109269
176,1771.02,0.54011,0.36864,1.00778,0.95823,1,0.98605,0.87683,0.58291,0.30047,0.96478,0.00108938,0.00108938,0.00108938
177,1779.02,0.55523,0.37019,1.00654,0.95833,1,0.98797,0.86562,0.60058,0.32308,0.97005,0.00108608,0.00108608,0.00108608
178,1786.96,0.57532,0.39049,1.01814,0.95921,1,0.9942,0.88854,0.58275,0.31971,0.96576,0.00108278,0.00108278,0.00108278
179,1794.92,0.56475,0.37523,1.02495,0.9567,1,0.9634,0.85447,0.56787,0.30803,0.9675,0.00107948,0.00107948,0.00107948
180,1802.99,0.57516,0.38213,1.01445,0.95346,1,0.9918,0.8877,0.56092,0.31634,0.93003,0.00107618,0.00107618,0.00107618
181,1811.09,0.55177,0.37197,0.99564,0.95486,1,0.987,0.87378,0.58106,0.31654,0.9675,0.00107288,0.00107288,0.00107288
182,1818.98,0.5635,0.38927,1.02058,0.95846,1,0.98973,0.88318,0.57021,0.31621,0.93524,0.00106958,0.00106958,0.00106958
183,1826.86,0.54241,0.36747,0.99087,0.95846,1,0.9886,0.87532,0.60639,0.32728,1.00259,0.00106628,0.00106628,0.00106628
184,1834.85,0.56765,0.38286,1.01875,0.95843,1,0.971,0.85795,0.57883,0.31932,0.96432,0.00106298,0.00106298,0.00106298
185,1842.77,0.53825,0.37672,1.01035,0.95861,1,0.9862,0.87354,0.57684,0.3116,0.97026,0.00105968,0.00105968,0.00105968
186,1850.62,0.55766,0.36968,1.01229,0.95707,1,0.98918,0.87422,0.576,0.32244,0.96099,0.00105638,0.00105638,0.00105638
187,1858.52,0.54828,0.37177,1.02578,0.95617,1,0.98111,0.87399,0.54357,0.30701,0.95968,0.00105308,0.00105308,0.00105308
188,1866.55,0.54187,0.37175,1.00215,0.95492,1,0.9918,0.88392,0.57139,0.30886,0.98006,0.00104978,0.00104978,0.00104978
189,1874.75,0.53894,0.35755,1.00518,0.95304,1,0.9642,0.84288,0.571,0.34911,0.97004,0.00104648,0.00104648,0.00104648
190,1882.69,0.55799,0.37892,1.01199,0.95603,1,0.9678,0.85209,0.55987,0.32174,0.9679,0.00104318,0.00104318,0.00104318
191,1890.58,0.55039,0.37296,1.01139,0.95691,1,0.9913,0.88281,0.54977,0.30888,0.9411,0.00103987,0.00103987,0.00103987
192,1898.52,0.56671,0.37262,1.02851,0.95878,1,0.99136,0.87936,0.57393,0.30563,0.94672,0.00103657,0.00103657,0.00103657
193,1906.5,0.54768,0.3736,1.00238,0.95849,1,0.97637,0.8521,0.60381,0.31959,0.9827,0.00103327,0.00103327,0.00103327
194,1914.58,0.52755,0.36109,0.99604,0.9586,1,0.971,0.8488,0.55146,0.31583,0.94091,0.00102997,0.00102997,0.00102997
195,1922.5,0.53873,0.35114,0.99832,0.95826,1,0.98445,0.8694,0.54308,0.30589,0.9274,0.00102667,0.00102667,0.00102667
196,1930.44,0.54951,0.37051,1.00911,0.95864,1,0.99091,0.86689,0.56338,0.30222,0.94414,0.00102337,0.00102337,0.00102337
197,1938.39,0.55253,0.36952,1.00735,0.95873,1,0.99002,0.86963,0.57305,0.30377,0.96914,0.00102007,0.00102007,0.00102007
198,1946.56,0.54517,0.36993,1.00343,0.95869,1,0.98543,0.86847,0.56405,0.29919,0.93724,0.00101677,0.00101677,0.00101677
199,1954.58,0.54004,0.3684,0.99926,0.9588,1,0.9873,0.86774,0.60708,0.32634,0.94075,0.00101347,0.00101347,0.00101347
200,1963.01,0.5522,0.37493,1.02686,0.95869,1,0.9918,0.87796,0.55311,0.30357,0.95123,0.00101017,0.00101017,0.00101017
201,1971.65,0.55614,0.35792,1.01626,0.95872,1,0.9918,0.87842,0.5523,0.29838,0.94245,0.00100687,0.00100687,0.00100687
202,1979.79,0.53043,0.37122,0.99237,0.95785,1,0.97938,0.8641,0.5772,0.30475,0.9746,0.00100357,0.00100357,0.00100357
203,1987.96,0.55633,0.36735,1.00681,0.95866,1,0.99136,0.87933,0.57576,0.29859,0.95231,0.00100027,0.00100027,0.00100027
204,1996.33,0.53836,0.35022,0.99287,0.95811,1,0.9864,0.86491,0.56562,0.3016,0.94517,0.000996966,0.000996966,0.000996966
205,2004.62,0.54317,0.37972,1.0118,0.95871,1,0.99337,0.87962,0.58385,0.29237,0.96769,0.000993665,0.000993665,0.000993665
206,2013.17,0.54058,0.3603,1.01312,0.95854,1,0.99217,0.88173,0.59284,0.3017,0.96972,0.000990365,0.000990365,0.000990365
207,2021.47,0.52174,0.3521,0.99483,0.95869,1,0.9626,0.8502,0.55039,0.31231,0.95072,0.000987064,0.000987064,0.000987064
208,2029.94,0.52003,0.3515,0.99228,0.95884,1,0.98714,0.86861,0.58206,0.29795,0.98256,0.000983763,0.000983763,0.000983763
209,2037.94,0.53672,0.37205,1.00987,0.95885,1,0.98577,0.87499,0.56997,0.3135,0.97243,0.000980463,0.000980463,0.000980463
210,2045.91,0.52752,0.35704,0.99689,0.95866,1,0.9626,0.8372,0.54448,0.29335,0.94911,0.000977162,0.000977162,0.000977162
211,2053.93,0.52177,0.35644,0.98294,0.95869,1,0.9618,0.84264,0.5181,0.30239,0.944,0.000973861,0.000973861,0.000973861
212,2061.99,0.53406,0.35116,1.00139,0.95881,1,0.97543,0.88058,0.53575,0.30326,0.92875,0.000970561,0.000970561,0.000970561
213,2069.9,0.53087,0.37497,1.00534,0.95865,1,0.9642,0.86016,0.55334,0.3074,0.94778,0.00096726,0.00096726,0.00096726
214,2078.06,0.52668,0.35938,0.99169,0.95878,1,0.9878,0.87072,0.56597,0.31783,0.95056,0.000963959,0.000963959,0.000963959
215,2085.9,0.52348,0.34029,1.0051,0.95881,1,0.9878,0.87721,0.56067,0.30143,0.96984,0.000960659,0.000960659,0.000960659
216,2093.95,0.51705,0.34689,0.99046,0.95881,1,0.98253,0.86633,0.57582,0.30308,0.97604,0.000957358,0.000957358,0.000957358
217,2101.84,0.54212,0.35374,1.01473,0.95874,1,0.9642,0.84481,0.57307,0.31244,0.98084,0.000954057,0.000954057,0.000954057
218,2109.67,0.54363,0.36239,1.00895,0.95881,1,0.97709,0.86291,0.58728,0.30632,0.98578,0.000950757,0.000950757,0.000950757
219,2117.56,0.51902,0.34767,0.99714,0.95875,1,0.98964,0.86973,0.57212,0.29653,0.97716,0.000947456,0.000947456,0.000947456
220,2125.58,0.53294,0.35422,1.01429,0.95873,1,0.9634,0.85229,0.57836,0.29977,0.97425,0.000944155,0.000944155,0.000944155
221,2133.31,0.54167,0.3499,1.01564,0.95811,1,0.97428,0.85394,0.57389,0.30618,0.97328,0.000940855,0.000940855,0.000940855
222,2141.46,0.53286,0.337,1.00786,0.9582,1,0.99055,0.8789,0.56595,0.31071,0.9613,0.000937554,0.000937554,0.000937554
223,2149.31,0.50068,0.3361,0.99079,0.95844,1,0.9918,0.87208,0.56915,0.29577,0.97248,0.000934253,0.000934253,0.000934253
224,2157.3,0.52311,0.34302,1.0029,0.95853,1,0.971,0.85607,0.55358,0.29935,0.96421,0.000930953,0.000930953,0.000930953
225,2165.28,0.52099,0.34518,1.00518,0.95836,1,0.99091,0.88118,0.56755,0.29113,0.95967,0.000927652,0.000927652,0.000927652
226,2173.24,0.51596,0.34861,0.9993,0.95871,1,0.99217,0.88187,0.56739,0.30042,0.96897,0.000924352,0.000924352,0.000924352
227,2181.29,0.52733,0.33899,0.99378,0.95849,1,0.99217,0.87496,0.5759,0.29107,0.96824,0.000921051,0.000921051,0.000921051
228,2189.21,0.51534,0.34684,0.99476,0.95634,1,0.98927,0.88526,0.55984,0.30509,0.94877,0.00091775,0.00091775,0.00091775
229,2197.11,0.53866,0.36347,1.00437,0.95875,1,0.991,0.88871,0.54421,0.2848,0.9158,0.00091445,0.00091445,0.00091445
230,2205.23,0.53976,0.34868,1.00141,0.95883,1,0.99136,0.89098,0.54789,0.29067,0.93212,0.000911149,0.000911149,0.000911149
231,2213.28,0.51507,0.35634,0.98938,0.95883,1,0.98578,0.88263,0.53657,0.29445,0.92504,0.000907848,0.000907848,0.000907848
232,2221.2,0.49822,0.33983,0.98731,0.95881,1,0.99136,0.88877,0.59423,0.31418,0.9522,0.000904548,0.000904548,0.000904548
233,2229.23,0.51734,0.35016,0.98886,0.9583,1,0.99173,0.88321,0.59925,0.33088,0.94676,0.000901247,0.000901247,0.000901247
234,2237.24,0.51129,0.33972,1.00644,0.95866,1,0.98787,0.88744,0.56044,0.29496,0.93329,0.000897946,0.000897946,0.000897946
235,2245.13,0.5158,0.34279,0.98102,0.9586,1,0.99136,0.88739,0.55409,0.30127,0.94248,0.000894646,0.000894646,0.000894646
236,2253.09,0.5282,0.34542,0.99743,0.95869,1,0.99002,0.88845,0.56063,0.28894,0.96207,0.000891345,0.000891345,0.000891345
237,2261.16,0.51462,0.34765,0.99411,0.95868,1,0.9913,0.87789,0.55897,0.29059,0.96196,0.000888044,0.000888044,0.000888044
238,2269.15,0.50834,0.32987,0.99167,0.95845,1,0.99253,0.88052,0.54987,0.29307,0.95368,0.000884744,0.000884744,0.000884744
239,2277.15,0.51691,0.33333,0.99366,0.95525,1,0.9942,0.87963,0.5648,0.29063,0.94649,0.000881443,0.000881443,0.000881443
240,2285.18,0.5168,0.33452,0.99528,0.95748,1,0.97397,0.84851,0.56463,0.30125,0.93888,0.000878142,0.000878142,0.000878142
241,2293.08,0.51611,0.33993,0.99358,0.95862,1,0.98412,0.86431,0.55301,0.28815,0.94031,0.000874842,0.000874842,0.000874842
242,2301.05,0.51083,0.33934,0.98841,0.95859,1,0.98958,0.87207,0.55076,0.29102,0.95203,0.000871541,0.000871541,0.000871541
243,2309.01,0.51906,0.33192,1.0059,0.95878,1,0.9918,0.88627,0.53165,0.27332,0.93236,0.00086824,0.00086824,0.00086824
244,2317.07,0.51527,0.35332,1.00527,0.95879,1,0.99055,0.86962,0.54797,0.2775,0.94281,0.00086494,0.00086494,0.00086494
245,2325,0.51307,0.343,0.99937,0.95877,1,0.99217,0.87171,0.56944,0.27948,0.94596,0.000861639,0.000861639,0.000861639
246,2332.96,0.51509,0.34495,0.99092,0.95873,1,0.9913,0.88294,0.57116,0.31312,0.95668,0.000858338,0.000858338,0.000858338
247,2341.12,0.49997,0.32445,0.97058,0.95881,1,0.9888,0.86568,0.60137,0.30613,0.98047,0.000855038,0.000855038,0.000855038
248,2349.66,0.51361,0.33443,0.9891,0.9587,1,0.9918,0.88944,0.57595,0.29714,0.95338,0.000851737,0.000851737,0.000851737
249,2358.09,0.50099,0.3234,0.99534,0.95866,1,0.9634,0.85366,0.55082,0.29746,0.94821,0.000848436,0.000848436,0.000848436
250,2366.01,0.50487,0.33974,0.99368,0.95887,1,0.99136,0.87894,0.57827,0.30094,0.95843,0.000845136,0.000845136,0.000845136
251,2374.11,0.50768,0.33248,0.98854,0.95868,1,0.99173,0.88717,0.57384,0.29832,0.95009,0.000841835,0.000841835,0.000841835
252,2382.04,0.49788,0.33102,0.97657,0.95874,1,0.98999,0.87048,0.57211,0.29274,0.94596,0.000838534,0.000838534,0.000838534
253,2390.08,0.49598,0.31654,0.99542,0.95877,1,0.99253,0.88625,0.55289,0.27952,0.9468,0.000835234,0.000835234,0.000835234
254,2398.02,0.5107,0.33447,0.98861,0.95871,1,0.99173,0.88594,0.57159,0.29028,0.97763,0.000831933,0.000831933,0.000831933
255,2406.17,0.51494,0.33816,0.99896,0.95872,1,0.98827,0.885,0.55206,0.29882,0.95547,0.000828632,0.000828632,0.000828632
256,2414.24,0.49896,0.33026,0.98917,0.95874,1,0.99047,0.87667,0.55346,0.30524,0.95855,0.000825332,0.000825332,0.000825332
257,2422.18,0.49545,0.32725,0.99667,0.95878,1,0.9913,0.88044,0.55519,0.28752,0.96289,0.000822031,0.000822031,0.000822031
258,2430.21,0.48617,0.32782,0.98747,0.95874,1,0.98913,0.88503,0.55546,0.31064,0.96089,0.00081873,0.00081873,0.00081873
259,2438.09,0.49252,0.31961,0.97227,0.95867,1,0.99047,0.88658,0.56964,0.30587,0.94834,0.00081543,0.00081543,0.00081543
260,2446.11,0.5104,0.32937,0.99323,0.95569,1,0.99047,0.885,0.58032,0.29063,0.94577,0.000812129,0.000812129,0.000812129
261,2454.06,0.49999,0.31986,0.98271,0.95871,1,0.98402,0.85853,0.59421,0.29283,0.95236,0.000808828,0.000808828,0.000808828
262,2462.06,0.48943,0.32465,0.97854,0.95644,1,0.98623,0.85942,0.57503,0.28312,0.94979,0.000805528,0.000805528,0.000805528
263,2470.24,0.49467,0.32432,0.98778,0.95791,1,0.9686,0.85355,0.5491,0.28539,0.95132,0.000802227,0.000802227,0.000802227
264,2478.22,0.51372,0.33347,0.99964,0.95805,1,0.98469,0.87387,0.56025,0.30064,0.93597,0.000798926,0.000798926,0.000798926
265,2486.19,0.50478,0.33397,0.97955,0.95865,1,0.99091,0.87038,0.58612,0.31173,0.95316,0.000795626,0.000795626,0.000795626
266,2494.1,0.51981,0.33868,0.99999,0.95864,1,0.99047,0.87477,0.5707,0.29858,0.96239,0.000792325,0.000792325,0.000792325
267,2501.94,0.49565,0.31318,0.99053,0.95855,1,0.9873,0.86495,0.59529,0.2983,0.96981,0.000789024,0.000789024,0.000789024
268,2509.91,0.50951,0.33041,0.99781,0.95878,1,0.98264,0.85779,0.58518,0.29896,0.97744,0.000785724,0.000785724,0.000785724
269,2517.8,0.49788,0.32197,0.9903,0.95827,1,0.99136,0.88287,0.56877,0.30131,0.96182,0.000782423,0.000782423,0.000782423
270,2525.62,0.48717,0.32123,0.98922,0.9585,1,0.99136,0.87525,0.54465,0.29207,0.94168,0.000779122,0.000779122,0.000779122
271,2533.96,0.51618,0.33528,0.97788,0.95866,1,0.98469,0.86745,0.5442,0.29149,0.94372,0.000775822,0.000775822,0.000775822
272,2542.09,0.50808,0.32411,0.99043,0.95859,1,0.99091,0.87265,0.56934,0.28425,0.93815,0.000772521,0.000772521,0.000772521
273,2550.29,0.47811,0.30995,0.97478,0.95862,1,0.9844,0.87565,0.5645,0.28884,0.94892,0.00076922,0.00076922,0.00076922
274,2558.21,0.50283,0.32712,0.99298,0.95864,1,0.98958,0.87062,0.57024,0.27499,0.9495,0.00076592,0.00076592,0.00076592
275,2566.1,0.49115,0.32294,0.98793,0.95881,1,0.99136,0.8796,0.57048,0.27486,0.96931,0.000762619,0.000762619,0.000762619
276,2574.22,0.49846,0.32112,0.98448,0.95885,1,0.98202,0.86621,0.57182,0.29079,0.96971,0.000759318,0.000759318,0.000759318
277,2582.28,0.48776,0.32173,0.9883,0.95884,1,0.99091,0.86702,0.59703,0.28903,0.969,0.000756018,0.000756018,0.000756018
278,2590.22,0.47729,0.31418,0.97683,0.95887,1,0.98583,0.86321,0.5765,0.28869,0.96122,0.000752717,0.000752717,0.000752717
279,2598.39,0.47567,0.31058,0.99228,0.95811,1,0.9718,0.85766,0.5457,0.29023,0.93663,0.000749417,0.000749417,0.000749417
280,2606.48,0.48328,0.30928,0.9724,0.95858,1,0.97149,0.86108,0.54966,0.28253,0.93307,0.000746116,0.000746116,0.000746116
281,2614.47,0.49044,0.32334,0.97961,0.95887,1,0.98759,0.86149,0.55164,0.29651,0.9239,0.000742815,0.000742815,0.000742815
282,2622.36,0.4685,0.31157,0.97657,0.95887,1,0.99085,0.86908,0.57619,0.29511,0.94435,0.000739515,0.000739515,0.000739515
283,2630.36,0.51214,0.31848,0.98684,0.95931,1,0.99133,0.87718,0.58316,0.27828,0.9361,0.000736214,0.000736214,0.000736214
284,2638.44,0.49517,0.31815,0.97818,0.95871,1,0.98958,0.87489,0.55157,0.27625,0.93202,0.000732913,0.000732913,0.000732913
285,2646.65,0.48989,0.32296,0.9833,0.9573,1,0.97671,0.85417,0.58117,0.29451,0.95024,0.000729613,0.000729613,0.000729613
286,2654.67,0.46077,0.30894,0.97116,0.95869,1,0.9858,0.87489,0.5662,0.28063,0.94507,0.000726312,0.000726312,0.000726312
287,2664.97,0.47561,0.31242,0.97547,0.95842,1,0.98802,0.885,0.5612,0.28555,0.95143,0.000723011,0.000723011,0.000723011
288,2673.74,0.48545,0.3149,0.98122,0.95876,1,0.99047,0.87085,0.57297,0.28644,0.95776,0.000719711,0.000719711,0.000719711
289,2682.07,0.46937,0.30361,0.95689,0.95875,1,0.98247,0.86265,0.56621,0.27834,0.94991,0.00071641,0.00071641,0.00071641
290,2690.34,0.48256,0.3213,0.98496,0.95832,1,0.98491,0.87005,0.56754,0.28519,0.9543,0.000713109,0.000713109,0.000713109
291,2698.7,0.47555,0.30369,0.97301,0.9588,1,0.98717,0.87,0.56433,0.27957,0.95543,0.000709809,0.000709809,0.000709809
292,2707,0.48503,0.3175,0.9815,0.95877,1,0.99043,0.87315,0.5689,0.29275,0.95499,0.000706508,0.000706508,0.000706508
293,2715.73,0.48275,0.30554,0.96972,0.95873,1,0.9913,0.88612,0.57373,0.2847,0.9752,0.000703207,0.000703207,0.000703207
294,2732.03,0.48368,0.31473,0.97085,0.95876,1,0.9913,0.8867,0.56873,0.28542,0.97127,0.000699907,0.000699907,0.000699907
295,2749.79,0.45686,0.29699,0.97313,0.95863,1,0.98912,0.86411,0.55483,0.28274,0.95873,0.000696606,0.000696606,0.000696606
296,2766.5,0.4745,0.31093,0.9687,0.95797,1,0.99173,0.86889,0.56371,0.27689,0.95806,0.000693305,0.000693305,0.000693305
297,2781.82,0.48336,0.31621,0.99109,0.95816,1,0.99212,0.8836,0.56307,0.26254,0.95844,0.000690005,0.000690005,0.000690005
298,2797.44,0.4777,0.30672,0.97187,0.9583,1,0.99047,0.88054,0.56844,0.28243,0.96642,0.000686704,0.000686704,0.000686704
299,2811.58,0.46408,0.29242,0.97024,0.95858,1,0.98713,0.88396,0.55243,0.27242,0.96006,0.000683403,0.000683403,0.000683403
300,2825.15,0.46813,0.30253,0.96528,0.95885,1,0.98536,0.87154,0.55274,0.26983,0.93641,0.000680103,0.000680103,0.000680103
301,2838.42,0.4756,0.30982,0.95749,0.95887,1,0.99047,0.87418,0.56624,0.27861,0.94621,0.000676802,0.000676802,0.000676802
302,2851.67,0.46323,0.31026,0.97515,0.96713,1,0.99296,0.87735,0.57111,0.25507,0.96343,0.000673501,0.000673501,0.000673501
303,2865.43,0.46074,0.29715,0.9736,0.9768,1,0.99214,0.86983,0.58434,0.25643,0.97521,0.000670201,0.000670201,0.000670201
304,2880.6,0.4674,0.30211,0.98166,0.97891,1,0.99296,0.88697,0.54629,0.2765,0.94697,0.0006669,0.0006669,0.0006669
305,2895.22,0.46804,0.30323,0.96634,0.97816,1,0.99214,0.87919,0.58086,0.26706,0.97514,0.000663599,0.000663599,0.000663599
306,2910.16,0.46181,0.30555,0.97661,0.95943,1,0.98316,0.85814,0.58073,0.27544,0.96065,0.000660299,0.000660299,0.000660299
307,2924.26,0.46936,0.31265,0.97554,0.95971,1,0.98622,0.85083,0.59926,0.27084,0.95497,0.000656998,0.000656998,0.000656998
308,2939.04,0.44781,0.29105,0.97221,0.95881,1,0.98847,0.87047,0.57479,0.26544,0.96102,0.000653697,0.000653697,0.000653697
309,2953.94,0.48631,0.31964,0.98171,0.95888,1,0.99173,0.89211,0.55701,0.2698,0.95063,0.000650397,0.000650397,0.000650397
310,2970.56,0.47124,0.30244,0.98219,0.95882,1,0.97905,0.87544,0.53981,0.27745,0.93915,0.000647096,0.000647096,0.000647096
311,2986.18,0.47957,0.31229,0.98343,0.95878,1,0.97689,0.86735,0.53949,0.27045,0.93684,0.000643795,0.000643795,0.000643795
312,3001.24,0.48524,0.31268,0.9795,0.95902,1,0.98827,0.87366,0.56562,0.27012,0.93921,0.000640495,0.000640495,0.000640495
313,3014.82,0.47129,0.29286,0.97656,0.97663,1,0.99092,0.88478,0.56303,0.27122,0.93837,0.000637194,0.000637194,0.000637194
314,3028.37,0.46673,0.29523,0.98172,0.97881,1,0.98745,0.88722,0.53673,0.25962,0.92179,0.000633893,0.000633893,0.000633893
315,3042.65,0.47101,0.31457,0.96827,0.97959,0.99977,0.99214,0.90353,0.52267,0.24877,0.90399,0.000630593,0.000630593,0.000630593
316,3055.24,0.45172,0.29058,0.9713,0.9785,1,0.99296,0.89455,0.54303,0.26379,0.92842,0.000627292,0.000627292,0.000627292
317,3070.13,0.46629,0.3048,0.98509,0.97536,1,0.99296,0.88881,0.54626,0.27053,0.94805,0.000623991,0.000623991,0.000623991
318,3084.31,0.47082,0.32168,0.96747,0.97955,1,0.99296,0.88106,0.55367,0.26232,0.93104,0.000620691,0.000620691,0.000620691
319,3099.43,0.43958,0.29944,0.94693,0.97207,1,0.99296,0.88831,0.54463,0.27098,0.8852,0.00061739,0.00061739,0.00061739
320,3113.37,0.44626,0.2916,0.94575,0.95984,1,0.99296,0.88569,0.5552,0.27651,0.89894,0.000614089,0.000614089,0.000614089
321,3127.68,0.45475,0.28941,0.95019,0.95882,1,0.98247,0.85712,0.56538,0.27825,0.93576,0.000610789,0.000610789,0.000610789
322,3141.26,0.45407,0.30472,0.96852,0.95877,1,0.98956,0.88258,0.561,0.27455,0.95687,0.000607488,0.000607488,0.000607488
323,3154.02,0.45379,0.296,0.9529,0.95886,1,0.975,0.86326,0.55425,0.28008,0.94891,0.000604187,0.000604187,0.000604187
324,3167.98,0.45247,0.29563,0.95594,0.95879,1,0.97602,0.85892,0.54913,0.26312,0.94955,0.000600887,0.000600887,0.000600887
325,3181.97,0.45697,0.29555,0.9542,0.95878,1,0.98912,0.87715,0.5429,0.26805,0.93455,0.000597586,0.000597586,0.000597586
326,3196.52,0.48248,0.30607,0.98156,0.9741,1,0.99255,0.88713,0.54647,0.26585,0.91894,0.000594286,0.000594286,0.000594286
327,3210.05,0.46429,0.28909,0.96253,0.97451,1,0.99255,0.88709,0.54338,0.25925,0.89789,0.000590985,0.000590985,0.000590985
328,3223.16,0.46325,0.29928,0.95747,0.9613,1,0.9899,0.88879,0.5407,0.25554,0.91803,0.000587684,0.000587684,0.000587684
329,3236.66,0.45642,0.29249,0.95482,0.97193,1,0.99255,0.88492,0.53652,0.25157,0.9421,0.000584384,0.000584384,0.000584384
330,3250.68,0.46506,0.30195,0.96197,0.9749,1,0.99133,0.8822,0.53747,0.2586,0.94679,0.000581083,0.000581083,0.000581083
331,3265.11,0.4633,0.3081,0.96897,0.97121,1,0.98398,0.87452,0.5419,0.25638,0.94169,0.000577782,0.000577782,0.000577782
332,3277.05,0.44502,0.28759,0.95268,0.97794,1,0.99173,0.89515,0.52887,0.2526,0.93589,0.000574482,0.000574482,0.000574482
333,3289.29,0.45298,0.28341,0.96098,0.96134,1,0.99173,0.88817,0.54743,0.27399,0.95168,0.000571181,0.000571181,0.000571181
334,3303.06,0.46246,0.30169,0.96693,0.97784,1,0.99214,0.8909,0.57035,0.26619,0.94974,0.00056788,0.00056788,0.00056788
335,3316.13,0.45371,0.28746,0.98056,0.97958,0.99947,0.99255,0.8809,0.5589,0.26733,0.93358,0.00056458,0.00056458,0.00056458
336,3329.57,0.45154,0.29228,0.97282,0.97957,0.99885,0.99214,0.89423,0.54782,0.27392,0.93896,0.000561279,0.000561279,0.000561279
337,3342.96,0.45683,0.29082,0.96086,0.97958,0.9994,0.99214,0.8893,0.53247,0.2645,0.94048,0.000557978,0.000557978,0.000557978
338,3356,0.44047,0.2841,0.95559,0.97957,0.99885,0.99255,0.88729,0.53498,0.26465,0.94182,0.000554678,0.000554678,0.000554678
339,3369.27,0.442,0.28156,0.96412,0.97957,0.99873,0.99337,0.88886,0.54904,0.27063,0.93527,0.000551377,0.000551377,0.000551377
340,3383.11,0.43479,0.27713,0.95633,0.97742,1,0.99296,0.89028,0.5509,0.25924,0.92576,0.000548076,0.000548076,0.000548076
341,3396.76,0.45441,0.29027,0.97822,0.95847,1,0.98607,0.87416,0.55526,0.25977,0.94349,0.000544776,0.000544776,0.000544776
342,3409.82,0.45862,0.28901,0.96205,0.95963,1,0.99087,0.88092,0.5555,0.26645,0.95976,0.000541475,0.000541475,0.000541475
343,3422.64,0.46589,0.29082,0.96822,0.95996,0.9991,0.99128,0.88552,0.57881,0.28172,0.96649,0.000538174,0.000538174,0.000538174
344,3436.02,0.43338,0.2885,0.95529,0.95992,0.9979,0.99212,0.88779,0.56466,0.2772,0.96161,0.000534874,0.000534874,0.000534874
345,3447.21,0.44894,0.29837,0.96586,0.97951,0.99576,0.99255,0.8782,0.55194,0.26465,0.95463,0.000531573,0.000531573,0.000531573
346,3459.49,0.46541,0.28688,0.97104,0.97842,1,0.99255,0.88346,0.54808,0.25787,0.9438,0.000528272,0.000528272,0.000528272
347,3472.78,0.4601,0.28682,0.9782,0.9776,1,0.99337,0.88348,0.53773,0.24375,0.93873,0.000524972,0.000524972,0.000524972
348,3485.63,0.45504,0.29999,0.96122,0.96028,1,0.99092,0.88169,0.54487,0.24788,0.92508,0.000521671,0.000521671,0.000521671
349,3499.02,0.45854,0.29045,0.97599,0.95999,1,0.99051,0.88139,0.54928,0.25598,0.92319,0.00051837,0.00051837,0.00051837
350,3511.82,0.45222,0.30317,0.96836,0.97653,1,0.99133,0.88407,0.55023,0.25595,0.9254,0.00051507,0.00051507,0.00051507
351,3525.35,0.44827,0.28082,0.9523,0.97954,0.99725,0.99133,0.88528,0.53887,0.24955,0.92518,0.000511769,0.000511769,0.000511769
352,3536.91,0.45342,0.291,0.96805,0.97564,1,0.99337,0.88577,0.54193,0.24564,0.95205,0.000508468,0.000508468,0.000508468
353,3549.58,0.45485,0.28198,0.96605,0.96071,1,0.98908,0.8753,0.53857,0.25149,0.96104,0.000505168,0.000505168,0.000505168
354,3562.78,0.42799,0.28873,0.96209,0.9587,1,0.98217,0.87309,0.53278,0.26228,0.95867,0.000501867,0.000501867,0.000501867
355,3576.46,0.46577,0.29098,0.9682,0.95875,1,0.98673,0.87494,0.53754,0.26807,0.94317,0.000498566,0.000498566,0.000498566
356,3590.03,0.45313,0.2912,0.9766,0.9592,1,0.98663,0.87952,0.53558,0.26289,0.93763,0.000495266,0.000495266,0.000495266
357,3603.54,0.46146,0.28722,0.97513,0.97098,1,0.98786,0.8821,0.52922,0.25595,0.92946,0.000491965,0.000491965,0.000491965
358,3616.84,0.43692,0.28171,0.95157,0.97859,1,0.99296,0.88484,0.54533,0.25427,0.92941,0.000488664,0.000488664,0.000488664
359,3628.7,0.44268,0.29079,0.95408,0.97852,1,0.99296,0.87882,0.56289,0.25505,0.95475,0.000485364,0.000485364,0.000485364
360,3640.47,0.46023,0.29263,0.97328,0.97834,1,0.99173,0.87844,0.54647,0.26039,0.94196,0.000482063,0.000482063,0.000482063
361,3653.83,0.45226,0.29872,0.95428,0.96597,1,0.98827,0.88423,0.54408,0.25454,0.9492,0.000478762,0.000478762,0.000478762
362,3667.12,0.44887,0.28038,0.96005,0.95886,1,0.99003,0.88888,0.53791,0.26366,0.94323,0.000475462,0.000475462,0.000475462
363,3680.18,0.43351,0.28585,0.95218,0.95885,1,0.98402,0.87747,0.54125,0.27497,0.95599,0.000472161,0.000472161,0.000472161
364,3693.22,0.43949,0.28253,0.95851,0.95882,1,0.98337,0.86988,0.53839,0.26366,0.95473,0.00046886,0.00046886,0.00046886
365,3706.25,0.43194,0.28211,0.96729,0.95894,1,0.98128,0.86855,0.54995,0.27031,0.95871,0.00046556,0.00046556,0.00046556
366,3718.49,0.43192,0.28442,0.95146,0.97959,0.9997,0.99051,0.88584,0.54412,0.26453,0.95011,0.000462259,0.000462259,0.000462259
367,3729.11,0.43234,0.26925,0.96476,0.9771,1,0.99214,0.88485,0.55879,0.25339,0.96568,0.000458958,0.000458958,0.000458958
368,3742.12,0.41986,0.27263,0.93814,0.97563,1,0.99051,0.88208,0.55218,0.25772,0.94721,0.000455658,0.000455658,0.000455658
369,3755.61,0.44421,0.2725,0.96304,0.95914,1,0.98732,0.88361,0.55178,0.27735,0.95277,0.000452357,0.000452357,0.000452357
370,3768.86,0.43143,0.2785,0.95131,0.95895,1,0.98202,0.87498,0.55344,0.28275,0.94787,0.000449056,0.000449056,0.000449056
371,3781.58,0.42755,0.28134,0.95953,0.95886,1,0.98456,0.88323,0.54793,0.27222,0.94447,0.000445756,0.000445756,0.000445756
372,3794.98,0.42189,0.26801,0.95168,0.95888,1,0.9876,0.8812,0.5549,0.26422,0.95111,0.000442455,0.000442455,0.000442455
373,3807.06,0.43575,0.27998,0.96078,0.95887,1,0.98499,0.87744,0.55889,0.26964,0.96372,0.000439154,0.000439154,0.000439154
374,3817.91,0.44019,0.28114,0.95776,0.95942,1,0.98316,0.8807,0.5511,0.26309,0.94977,0.000435854,0.000435854,0.000435854
375,3829.38,0.45278,0.28842,0.95915,0.97778,1,0.98622,0.87457,0.55905,0.25588,0.95426,0.000432553,0.000432553,0.000432553
376,3842.87,0.44048,0.28646,0.95879,0.97925,1,0.98949,0.88329,0.54909,0.25469,0.93827,0.000429253,0.000429253,0.000429253
377,3856.35,0.43162,0.2709,0.955,0.97898,1,0.99173,0.88182,0.57318,0.26162,0.95994,0.000425952,0.000425952,0.000425952
378,3869.48,0.43012,0.27392,0.95367,0.97922,1,0.99255,0.89043,0.54201,0.25625,0.94232,0.000422651,0.000422651,0.000422651
379,3882.61,0.42145,0.2718,0.95703,0.97874,1,0.99214,0.88627,0.55642,0.25536,0.9565,0.000419351,0.000419351,0.000419351
380,3895.93,0.4075,0.26672,0.94397,0.97868,1,0.99214,0.88332,0.56683,0.2619,0.96169,0.00041605,0.00041605,0.00041605
381,3909.3,0.42664,0.26582,0.95629,0.97873,1,0.99214,0.88506,0.56377,0.2628,0.96197,0.000412749,0.000412749,0.000412749
382,3922.66,0.43101,0.2679,0.9511,0.97827,1,0.99051,0.8816,0.56725,0.25923,0.96747,0.000409449,0.000409449,0.000409449
383,3935.86,0.42563,0.26675,0.94203,0.97841,1,0.98908,0.87081,0.56748,0.25832,0.96918,0.000406148,0.000406148,0.000406148
384,3948.71,0.44175,0.27647,0.95918,0.97916,1,0.99214,0.88497,0.56595,0.26145,0.97473,0.000402847,0.000402847,0.000402847
385,3961.64,0.42062,0.26417,0.94588,0.97958,0.99928,0.99214,0.88796,0.57116,0.26372,0.99086,0.000399547,0.000399547,0.000399547
386,3974.12,0.41535,0.26672,0.94448,0.9786,1,0.99133,0.8841,0.55954,0.27059,0.98842,0.000396246,0.000396246,0.000396246
387,3987.74,0.43037,0.26866,0.95431,0.95997,1,0.99087,0.88086,0.55283,0.28425,0.96606,0.000392945,0.000392945,0.000392945
388,4001.21,0.41527,0.26259,0.94786,0.95888,1,0.99087,0.8842,0.56051,0.28188,0.95573,0.000389645,0.000389645,0.000389645
389,4014.31,0.4316,0.27282,0.96181,0.95989,1,0.98949,0.88178,0.55484,0.27678,0.94606,0.000386344,0.000386344,0.000386344
390,4027.78,0.42672,0.27251,0.94181,0.97517,1,0.97888,0.87019,0.55245,0.26806,0.94649,0.000383043,0.000383043,0.000383043
391,4040.12,0.41691,0.2673,0.93451,0.97795,1,0.97765,0.87185,0.54911,0.25871,0.9501,0.000379743,0.000379743,0.000379743
392,4052.98,0.42121,0.26778,0.93096,0.97923,1,0.99173,0.89367,0.55709,0.26556,0.96702,0.000376442,0.000376442,0.000376442
393,4066.36,0.41645,0.26947,0.94206,0.97957,0.99878,0.99173,0.88202,0.55127,0.2607,0.96422,0.000373141,0.000373141,0.000373141
394,4079.84,0.42412,0.25939,0.95112,0.9591,1,0.98649,0.87657,0.56626,0.26887,0.97405,0.000369841,0.000369841,0.000369841
395,4092.85,0.41876,0.27233,0.95398,0.95885,1,0.98566,0.87609,0.56976,0.26636,0.97447,0.00036654,0.00036654,0.00036654
396,4106.31,0.41282,0.26438,0.95991,0.97686,1,0.99214,0.87998,0.57329,0.25252,0.97091,0.000363239,0.000363239,0.000363239
397,4119.73,0.43685,0.26569,0.95096,0.97719,1,0.99296,0.89579,0.55344,0.26389,0.94024,0.000359939,0.000359939,0.000359939
398,4133.16,0.43523,0.2718,0.96233,0.97811,1,0.99214,0.89745,0.54585,0.25773,0.93467,0.000356638,0.000356638,0.000356638
399,4146.45,0.42415,0.27236,0.95431,0.97957,0.99883,0.99173,0.89091,0.55942,0.26667,0.94114,0.000353337,0.000353337,0.000353337
400,4159.81,0.42109,0.26987,0.95129,0.97957,0.99873,0.9899,0.89008,0.55082,0.266,0.94444,0.000350037,0.000350037,0.000350037
401,4172.92,0.4079,0.26308,0.93925,0.97957,0.99882,0.99092,0.89339,0.53653,0.25981,0.94058,0.000346736,0.000346736,0.000346736
402,4186.52,0.41986,0.286,0.96035,0.97957,0.9987,0.99255,0.89216,0.54441,0.27238,0.94422,0.000343435,0.000343435,0.000343435
403,4199.75,0.42961,0.27807,0.97109,0.97606,1,0.98867,0.87722,0.56087,0.27483,0.96157,0.000340135,0.000340135,0.000340135
404,4212.54,0.43522,0.27333,0.95172,0.97955,0.99811,0.98582,0.87097,0.5559,0.2818,0.95699,0.000336834,0.000336834,0.000336834
405,4224.47,0.41021,0.2608,0.95074,0.97716,0.97917,0.98732,0.88221,0.55544,0.27088,0.94854,0.000333533,0.000333533,0.000333533
406,4237.57,0.44346,0.28514,0.96424,0.95766,1,0.99045,0.88362,0.55079,0.26885,0.95535,0.000330233,0.000330233,0.000330233
407,4250.83,0.42012,0.25959,0.97019,0.97778,0.97917,0.99045,0.88541,0.55501,0.26875,0.96119,0.000326932,0.000326932,0.000326932
408,4264.09,0.40216,0.27371,0.93953,0.97955,0.99804,0.99051,0.88156,0.56644,0.26693,0.96025,0.000323631,0.000323631,0.000323631
409,4276.19,0.42156,0.27213,0.96127,0.95995,0.99867,0.98941,0.88929,0.5532,0.26824,0.96081,0.000320331,0.000320331,0.000320331
410,4289.38,0.41257,0.26066,0.95281,0.95996,0.99898,0.99003,0.89029,0.55112,0.26686,0.95756,0.00031703,0.00031703,0.00031703
411,4302.76,0.411,0.25678,0.93621,0.95996,0.99896,0.98691,0.87667,0.55481,0.28168,0.96549,0.000313729,0.000313729,0.000313729
412,4316.12,0.40708,0.25224,0.94034,0.95995,0.99873,0.98607,0.87563,0.56774,0.28545,0.96209,0.000310429,0.000310429,0.000310429
413,4329.34,0.4046,0.2586,0.9368,0.95992,0.99787,0.98732,0.87897,0.56853,0.29564,0.95526,0.000307128,0.000307128,0.000307128
414,4341.49,0.41396,0.2567,0.95141,0.95993,0.99824,0.98941,0.87533,0.55743,0.28843,0.94638,0.000303827,0.000303827,0.000303827
415,4353.73,0.41473,0.2537,0.95141,0.95998,0.99942,0.97732,0.86634,0.54996,0.2735,0.94874,0.000300527,0.000300527,0.000300527
